,CountryName,Decade,Points,Population,Continent
0,Afghanistan,1970,0,10752971,Asia
1,Afghanistan,1980,0,12486631,Asia
2,Afghanistan,2000,1,19542982,Asia
3,Afghanistan,2010,1,28189672,Asia
4,Albania,1990,0,3295066,Europe
5,Albania,2000,0,3182021,Europe
6,Albania,2010,0,2913399,Europe
7,Algeria,1970,0,13795915,Africa
8,Algeria,1980,2,18739378,Africa
9,Algeria,1990,5,25518074,Africa
10,Algeria,2000,7,30774621,Africa
11,Algeria,2010,3,35856344,Africa
12,American Samoa,2000,0,58230,Oceania
13,American Samoa,2010,0,54849,Oceania
14,Andorra,1970,0,19860,Europe
15,Andorra,1980,0,35611,Europe
16,Andorra,1990,0,53569,Europe
17,Andorra,2000,0,66097,Europe
18,Andorra,2010,0,71519,Europe
19,Angola,1980,0,8330047,Africa
20,Angola,1990,0,11828638,Africa
21,Angola,2000,0,16394062,Africa
22,Angola,2010,0,23364185,Africa
23,Antigua and Barbuda,1980,0,64888,North America
24,Antigua and Barbuda,1990,0,63328,North America
25,Antigua and Barbuda,2000,0,75055,North America
26,Antigua and Barbuda,2010,0,85695,North America
27,Argentina,1970,1,23842803,South America
28,Argentina,1980,13,28024803,South America
29,Argentina,1990,22,32637657,South America
30,Argentina,2000,120,37070774,South America
31,Argentina,2010,41,41100123,South America
32,Armenia,1990,2,3556539,Asia
33,Armenia,2000,7,3168523,Asia
34,Armenia,2010,7,2946293,Asia
35,Aruba,1980,0,62267,North America
36,Aruba,1990,0,65712,North America
37,Aruba,2000,0,89101,North America
38,Aruba,2010,0,100341,North America
39,Australia,1970,43,12595034,Oceania
40,Australia,1980,100,14706322,Oceania
41,Australia,1990,192,17048003,Oceania
42,Australia,2000,491,19017963,Oceania
43,Australia,2010,202,22019168,Oceania
44,Austria,1970,14,7465301,Europe
45,Austria,1980,28,7547561,Europe
46,Austria,1990,66,7678729,Europe
47,Austria,2000,63,8010428,Europe
48,Austria,2010,51,8362829,Europe
49,Azerbaijan,1990,1,7427836,Asia
50,Azerbaijan,2000,15,8190337,Asia
51,Azerbaijan,2010,28,9237202,Asia
52,Bahrain,1980,0,362595,Asia
53,Bahrain,1990,0,517418,Asia
54,Bahrain,2000,0,711442,Asia
55,Bahrain,2010,3,1213645,Asia
56,Bangladesh,1980,0,83929765,Asia
57,Bangladesh,1990,0,107147651,Asia
58,Bangladesh,2000,0,129193327,Asia
59,Bangladesh,2010,0,148391139,Asia
60,Barbados,1970,0,241397,North America
61,Barbados,1980,0,253575,North America
62,Barbados,1990,0,258868,North America
63,Barbados,2000,1,264657,North America
64,Barbados,2010,0,274711,North America
65,Belarus,1990,27,10428525,Europe
66,Belarus,2000,68,10256483,Europe
67,Belarus,2010,44,9731427,Europe
68,Belgium,1970,11,9629376,Europe
69,Belgium,1980,8,9828986,Europe
70,Belgium,1990,10,9959560,Europe
71,Belgium,2000,15,10264343,Europe
72,Belgium,2010,24,10877947,Europe
73,Belize,1970,0,120905,North America
74,Belize,1980,0,145133,North America
75,Belize,1990,0,182589,North America
76,Belize,2000,0,240406,North America
77,Belize,2010,0,322106,North America
78,Benin,1970,0,3023443,Africa
79,Benin,1980,0,3833939,Africa
80,Benin,1990,0,5133419,Africa
81,Benin,2000,0,6998023,Africa
82,Benin,2010,0,9445710,Africa
83,Bermuda,1970,1,52019,North America
84,Bermuda,1980,0,53565,North America
85,Bermuda,1990,0,57470,North America
86,Bermuda,2000,0,61371,North America
87,Bermuda,2010,0,63447,North America
88,Bhutan,1980,0,415257,Asia
89,Bhutan,1990,0,558442,Asia
90,Bhutan,2000,0,587207,Asia
91,Bhutan,2010,0,705516,Asia
92,Bolivia,1970,0,4585693,South America
93,Bolivia,1980,0,5736088,South America
94,Bolivia,1990,0,7096194,South America
95,Bolivia,2000,0,8592656,South America
96,Bolivia,2010,0,10223270,South America
97,Bosnia and Herzegovina,1990,0,4494310,Europe
98,Bosnia and Herzegovina,2000,0,4179350,Europe
99,Bosnia and Herzegovina,2010,0,3811088,Europe
100,Botswana,1980,0,938578,Africa
101,Botswana,1990,0,1341474,Africa
102,Botswana,2000,0,1726985,Africa
103,Botswana,2010,1,2091664,Africa
104,Brazil,1970,5,96369875,South America
105,Brazil,1980,68,122288383,South America
106,Brazil,1990,73,150706446,South America
107,Brazil,2000,152,175873720,South America
108,Brazil,2010,101,196353492,South America
109,Bulgaria,1980,132,8980606,Europe
110,Bulgaria,1990,39,8767778,Europe
111,Bulgaria,2000,39,8097691,Europe
112,Bulgaria,2010,9,7592273,Europe
113,Burkina Faso,1970,0,5611666,Africa
114,Burkina Faso,1980,0,6932967,Africa
115,Burkina Faso,1990,0,9131361,Africa
116,Burkina Faso,2000,0,11882888,Africa
117,Burkina Faso,2010,0,16116845,Africa
118,Burundi,1990,1,5483793,Africa
119,Burundi,2000,0,6307659,Africa
120,Burundi,2010,1,9126605,Africa
121,Cambodia,1970,0,6708525,Asia
122,Cambodia,1990,0,8910808,Asia
123,Cambodia,2000,0,12118841,Asia
124,Cambodia,2010,0,14363532,Asia
125,Cameroon,1970,0,6452787,Africa
126,Cameroon,1980,1,8519891,Africa
127,Cameroon,1990,0,11430520,Africa
128,Cameroon,2000,20,15091594,Africa
129,Cameroon,2010,0,19878036,Africa
130,Canada,1970,38,21434577,North America
131,Canada,1980,120,24511510,North America
132,Canada,1990,208,27657204,North America
133,Canada,2000,222,30683313,North America
134,Canada,2010,286,33963412,North America
135,Cayman Islands,2000,0,39658,North America
136,Cayman Islands,2010,0,54074,North America
137,Central African Republic,1980,0,2415276,Africa
138,Central African Republic,1990,0,2809221,Africa
139,Central African Republic,2000,0,3759170,Africa
140,Central African Republic,2010,0,4660067,Africa
141,Chad,1970,0,3667394,Africa
142,Chad,1980,0,4408230,Africa
143,Chad,1990,0,5827069,Africa
144,Chad,2000,0,8259137,Africa
145,Chad,2010,0,11894727,Africa
146,Chile,1970,0,9820481,South America
147,Chile,1980,1,11469828,South America
148,Chile,1990,0,13342868,South America
149,Chile,2000,22,15351799,South America
150,Chile,2010,0,17004162,South America
151,China,1980,124,982372466,Asia
152,China,1990,184,1153704252,Asia
153,China,2000,340,1264099069,Asia
154,China,2010,253,1348191368,Asia
155,Colombia,1970,3,20905254,South America
156,Colombia,1980,2,26176195,South America
157,Colombia,1990,1,32601393,South America
158,Colombia,2000,5,39215135,South America
159,Colombia,2010,16,44816108,South America
160,Comoros,1990,0,431119,Africa
161,Comoros,2000,0,536758,Africa
162,Comoros,2010,0,656024,Africa
163,Costa Rica,1970,0,1855697,North America
164,Costa Rica,1980,1,2414303,North America
165,Costa Rica,1990,1,3158253,North America
166,Costa Rica,2000,2,3979193,North America
167,Costa Rica,2010,0,4622252,North America
168,Croatia,1990,28,4873707,Europe
169,Croatia,2000,43,4548434,Europe
170,Croatia,2010,63,4368682,Europe
171,Cuba,1970,46,8869636,North America
172,Cuba,1980,20,9809107,North America
173,Cuba,1990,124,10626680,North America
174,Cuba,2000,174,11105791,North America
175,Cuba,2010,25,11290417,North America
176,Cyprus,1980,0,679327,Europe
177,Cyprus,1990,0,788500,Europe
178,Cyprus,2000,0,948237,Europe
179,Cyprus,2010,1,1129686,Europe
180,Denmark,1970,9,4922963,Europe
181,Denmark,1980,28,5125392,Europe
182,Denmark,1990,42,5144623,Europe
183,Denmark,2000,68,5340655,Europe
184,Denmark,2010,55,5550849,Europe
185,Djibouti,1980,1,324121,Africa
186,Djibouti,1990,0,577173,Africa
187,Djibouti,2000,0,742033,Africa
188,Djibouti,2010,0,919199,Africa
189,Dominica,1990,0,69481,North America
190,Dominica,2000,0,68346,North America
191,Dominica,2010,0,68755,North America
192,Dominican Republic,1970,0,4475871,North America
193,Dominican Republic,1980,1,5755800,North America
194,Dominican Republic,1990,0,7129004,North America
195,Dominican Republic,2000,3,8540791,North America
196,Dominican Republic,2010,3,9775755,North America
197,Ecuador,1970,0,6172215,South America
198,Ecuador,1980,0,8135845,South America
199,Ecuador,1990,1,10449837,South America
200,Ecuador,2000,1,12626507,South America
201,Ecuador,2010,0,14989585,South America
202,El Salvador,1970,0,3619090,North America
203,El Salvador,1980,0,4508992,North America
204,El Salvador,1990,0,5367179,North America
205,El Salvador,2000,0,5958482,North America
206,El Salvador,2010,0,6114034,North America
207,Equatorial Guinea,1980,0,282509,Africa
208,Equatorial Guinea,1990,0,465549,Africa
209,Equatorial Guinea,2000,0,684977,Africa
210,Equatorial Guinea,2010,0,1094524,Africa
211,Eritrea,2000,1,2392880,Africa
212,Estonia,1990,0,1570674,Europe
213,Estonia,2000,15,1396877,Europe
214,Estonia,2010,7,1331535,Europe
215,Ethiopia,1990,6,47878073,Africa
216,Ethiopia,2000,22,67031867,Africa
217,Ethiopia,2010,15,89237791,Africa
218,Fiji,1970,0,527634,Oceania
219,Fiji,1980,0,644582,Oceania
220,Fiji,1990,0,780430,Oceania
221,Fiji,2000,0,832509,Oceania
222,Fiji,2010,13,905169,Oceania
223,Finland,1970,42,4606621,Europe
224,Finland,1980,90,4779418,Europe
225,Finland,1990,112,4986545,Europe
226,Finland,2000,66,5176209,Europe
227,Finland,2010,86,5363271,Europe
228,France,1970,46,50523586,Europe
229,France,1980,131,53713830,Europe
230,France,1990,138,56412897,Europe
231,France,2000,222,58665453,Europe
232,France,2010,206,62444567,Europe
233,Gabon,1970,0,597192,Africa
234,Gabon,1980,0,749078,Africa
235,Gabon,1990,0,983028,Africa
236,Gabon,2000,0,1272935,Africa
237,Gabon,2010,1,1711105,Africa
238,Georgia,1990,2,5391636,Asia
239,Georgia,2000,16,4265172,Asia
240,Georgia,2010,14,3836831,Asia
241,Germany,1990,410,79370196,Europe
242,Germany,2000,452,81551677,Europe
243,Germany,2010,323,81325090,Europe
244,Ghana,1970,1,8861895,Africa
245,Ghana,1980,0,11865246,Africa
246,Ghana,1990,20,15446982,Africa
247,Ghana,2000,0,19665502,Africa
248,Ghana,2010,0,25574719,Africa
249,Greece,1970,2,8544873,Europe
250,Greece,1980,8,9307148,Europe
251,Greece,1990,10,10302255,Europe
252,Greece,2000,56,11038109,Europe
253,Greece,2010,10,11033783,Europe
254,Grenada,1980,0,94838,North America
255,Grenada,1990,0,99047,North America
256,Grenada,2000,0,107432,North America
257,Grenada,2010,2,114039,North America
258,Guam,2000,0,160188,Oceania
259,Guam,2010,0,164905,Oceania
260,Guatemala,1970,0,5453208,North America
261,Guatemala,1980,0,6987767,North America
262,Guatemala,1990,0,9084780,North America
263,Guatemala,2000,0,11735894,North America
264,Guatemala,2010,1,14543121,North America
265,Guinea,1980,0,4972609,Africa
266,Guinea,1990,0,6354145,Africa
267,Guinea,2000,0,8336967,Africa
268,Guinea,2010,0,10270728,Africa
269,Guyana,1970,0,705261,South America
270,Guyana,1980,1,778176,South America
271,Guyana,1990,0,747116,South America
272,Guyana,2000,0,759051,South America
273,Guyana,2010,0,747932,South America
274,Haiti,1970,0,4680812,North America
275,Haiti,1980,0,5646676,North America
276,Haiti,1990,0,6925331,North America
277,Haiti,2000,0,8360225,North America
278,Haiti,2010,0,9842880,North America
279,Honduras,1970,0,2782753,North America
280,Honduras,1980,0,3777990,North America
281,Honduras,1990,0,5053234,North America
282,Honduras,2000,0,6656725,North America
283,Honduras,2010,0,8450933,North America
284,Hungary,1990,88,10375989,Europe
285,Hungary,2000,120,10202055,Europe
286,Hungary,2010,48,9986825,Europe
287,Iceland,1970,0,204468,Europe
288,Iceland,1980,1,228263,Europe
289,Iceland,1990,0,255019,Europe
290,Iceland,2000,15,281462,Europe
291,Iceland,2010,0,318333,Europe
292,India,1970,14,557501301,Asia
293,India,1980,16,696828385,Asia
294,India,1990,1,870452165,Asia
295,India,2000,5,1059633675,Asia
296,India,2010,8,1240613620,Asia
297,Indonesia,1970,0,115228394,Asia
298,Indonesia,1980,3,148177096,Asia
299,Indonesia,1990,8,182159874,Asia
300,Indonesia,2000,12,214072421,Asia
301,Indonesia,2010,4,244016173,Asia
302,Iraq,1980,0,13653369,Asia
303,Iraq,1990,0,17658381,Asia
304,Iraq,2000,0,24628858,Asia
305,Iraq,2010,0,31264875,Asia
306,Ireland,1970,0,2937637,Europe
307,Ireland,1980,4,3391387,Europe
308,Ireland,1990,6,3485374,Europe
309,Ireland,2000,4,3768950,Europe
310,Ireland,2010,8,4524585,Europe
311,Israel,1990,1,4803254,Asia
312,Israel,2000,4,6116958,Asia
313,Israel,2010,2,7328445,Asia
314,Italy,1970,63,53324036,Europe
315,Italy,1980,140,56329482,Europe
316,Italy,1990,176,56756561,Europe
317,Italy,2000,251,56966397,Europe
318,Italy,2010,157,59822450,Europe
319,Jamaica,1970,3,1859091,North America
320,Jamaica,1980,17,2135546,North America
321,Jamaica,1990,20,2392030,North America
322,Jamaica,2000,50,2612205,North America
323,Jamaica,2010,55,2733896,North America
324,Japan,1970,100,105416839,Asia
325,Japan,1980,72,117624196,Asia
326,Japan,1990,124,123686321,Asia
327,Japan,2000,191,126803861,Asia
328,Japan,2010,164,128105431,Asia
329,Jordan,1980,0,2216903,Asia
330,Jordan,1990,0,3480587,Asia
331,Jordan,2000,0,5056174,Asia
332,Jordan,2010,1,6931258,Asia
333,Kazakhstan,1990,16,16866563,Asia
334,Kazakhstan,2000,28,15236253,Asia
335,Kazakhstan,2010,33,16627837,Asia
336,Kenya,1970,12,11473087,Africa
337,Kenya,1980,12,16187124,Africa
338,Kenya,1990,16,23162269,Africa
339,Kenya,2000,29,30851606,Africa
340,Kenya,2010,24,41517895,Africa
341,Kiribati,2000,0,88826,Oceania
342,Kiribati,2010,0,107995,Oceania
343,Kuwait,1970,0,802786,Asia
344,Kuwait,1980,0,1493870,Asia
345,Kuwait,1990,0,1674938,Asia
346,Kuwait,2000,1,1934901,Asia
347,Kuwait,2010,1,2943356,Asia
348,Latvia,1990,1,2689391,Europe
349,Latvia,2000,11,2392530,Europe
350,Latvia,2010,7,2101530,Europe
351,Lebanon,1980,0,2963702,Asia
352,Lebanon,1990,0,3593700,Asia
353,Lebanon,2000,0,4320642,Asia
354,Lebanon,2010,0,4995800,Asia
355,Lesotho,1970,0,1023481,Africa
356,Lesotho,1980,0,1407672,Africa
357,Lesotho,1990,0,1798997,Africa
358,Lesotho,2000,0,1998630,Africa
359,Lesotho,2010,0,2022747,Africa
360,Liberia,2000,0,2895224,Africa
361,Liberia,2010,0,4019956,Africa
362,Libya,1990,0,4236983,Africa
363,Libya,2000,0,5154790,Africa
364,Libya,2010,0,6491988,Africa
365,Liechtenstein,1970,2,21089,Europe
366,Liechtenstein,1980,7,25003,Europe
367,Liechtenstein,1990,0,28765,Europe
368,Liechtenstein,2000,0,33026,Europe
369,Liechtenstein,2010,0,35926,Europe
370,Lithuania,1990,11,3785847,Europe
371,Lithuania,2000,25,3599637,Europe
372,Lithuania,2010,12,3139019,Europe
373,Luxembourg,1970,0,339342,Europe
374,Luxembourg,1980,0,363741,Europe
375,Luxembourg,1990,2,381267,Europe
376,Luxembourg,2000,0,435628,Europe
377,Luxembourg,2010,0,507070,Europe
378,Madagascar,1970,0,6639751,Africa
379,Madagascar,1980,0,8948162,Africa
380,Madagascar,1990,0,11882762,Africa
381,Madagascar,2000,0,16216431,Africa
382,Madagascar,2010,0,21731053,Africa
383,Malawi,1980,0,6267369,Africa
384,Malawi,1990,0,9539665,Africa
385,Malawi,2000,0,11229387,Africa
386,Malawi,2010,0,14718422,Africa
387,Malaysia,1970,0,10306508,Asia
388,Malaysia,1980,0,13215707,Asia
389,Malaysia,1990,1,17517054,Asia
390,Malaysia,2000,1,22945150,Asia
391,Malaysia,2010,10,28717731,Asia
392,Maldives,1980,0,164887,Asia
393,Maldives,1990,0,224957,Asia
394,Maldives,2000,0,282507,Asia
395,Maldives,2010,0,361575,Asia
396,Mali,1970,0,6153587,Africa
397,Mali,1980,0,7372581,Africa
398,Mali,1990,0,8945026,Africa
399,Mali,2000,0,11239101,Africa
400,Mali,2010,0,15529181,Africa
401,Malta,1970,0,315414,Europe
402,Malta,1980,0,333587,Europe
403,Malta,1990,0,365392,Europe
404,Malta,2000,0,399212,Europe
405,Malta,2010,0,418755,Europe
406,Marshall Islands,2000,0,54224,Oceania
407,Marshall Islands,2010,0,53416,Oceania
408,Mauritania,1980,0,1506694,Africa
409,Mauritania,1990,0,2006027,Africa
410,Mauritania,2000,0,2695003,Africa
411,Mauritania,2010,0,3419461,Africa
412,Mauritius,1980,0,954865,Africa
413,Mauritius,1990,0,1090290,Africa
414,Mauritius,2000,1,1215930,Africa
415,Mauritius,2010,0,1283330,Africa
416,Mexico,1970,3,50289306,North America
417,Mexico,1980,18,67705186,North America
418,Mexico,1990,2,81720428,North America
419,Mexico,2000,14,97873442,North America
420,Mexico,2010,29,112532401,North America
421,Moldova,1990,3,4480199,Europe
422,Moldova,2000,3,4251573,Europe
423,Moldova,2010,2,3678186,Europe
424,Monaco,1970,0,24270,Europe
425,Monaco,1980,0,27076,Europe
426,Monaco,1990,0,30329,Europe
427,Monaco,2000,0,32465,Europe
428,Monaco,2010,0,33178,Europe
429,Mongolia,1980,1,1697780,Asia
430,Mongolia,1990,3,2161433,Asia
431,Mongolia,2000,5,2450979,Asia
432,Mongolia,2010,7,2702520,Asia
433,Montenegro,2000,0,633324,Europe
434,Montenegro,2010,14,631044,Europe
435,Morocco,1970,0,15274351,Africa
436,Morocco,1980,5,19678444,Africa
437,Morocco,1990,5,24570814,Africa
438,Morocco,2000,10,28554415,Africa
439,Morocco,2010,2,32464865,Africa
440,Mozambique,1990,1,13303459,Africa
441,Mozambique,2000,1,17768505,Africa
442,Mozambique,2010,0,23073723,Africa
443,Myanmar,1970,0,27284112,Asia
444,Myanmar,1980,0,33465781,Asia
445,Myanmar,1990,0,40099553,Asia
446,Myanmar,2000,0,45538332,Asia
447,Myanmar,2010,0,49390988,Asia
448,Namibia,1990,4,1369011,Africa
449,Namibia,2000,0,1819141,Africa
450,Namibia,2010,0,2099271,Africa
451,Nauru,2010,0,10241,Oceania
452,Nepal,1970,0,12501285,Asia
453,Nepal,1980,0,15600442,Asia
454,Nepal,1990,0,19616530,Asia
455,Nepal,2000,0,24559500,Asia
456,Nepal,2010,0,27161567,Asia
457,Netherlands,1970,35,13037686,Europe
458,Netherlands,1980,103,14130387,Europe
459,Netherlands,1990,125,14944548,Europe
460,Netherlands,2000,235,15899135,Europe
461,Netherlands,2010,154,16617116,Europe
462,New Zealand,1970,39,2824061,Oceania
463,New Zealand,1980,47,3147168,Oceania
464,New Zealand,1990,25,3397389,Oceania
465,New Zealand,2000,25,3855266,Oceania
466,New Zealand,2010,63,4346338,Oceania
467,Nicaragua,1970,0,2444767,North America
468,Nicaragua,1980,0,3303309,North America
469,Nicaragua,1990,0,4227820,North America
470,Nicaragua,2000,0,5123222,North America
471,Nicaragua,2010,0,5855734,North America
472,Niger,1970,1,4669708,Africa
473,Niger,1980,0,6173177,Africa
474,Niger,1990,0,8370647,Africa
475,Niger,2000,0,11622665,Africa
476,Niger,2010,1,16647543,Africa
477,Nigeria,1970,1,55569264,Africa
478,Nigeria,1980,5,72951439,Africa
479,Nigeria,1990,35,95214257,Africa
480,Nigeria,2000,39,122851984,Africa
481,Nigeria,2010,18,160952853,Africa
482,Norway,1970,41,3875546,Europe
483,Norway,1980,67,4085776,Europe
484,Norway,1990,140,4241636,Europe
485,Norway,2000,136,4491202,Europe
486,Norway,2010,111,4889741,Europe
487,Oman,1980,0,1017462,Asia
488,Oman,1990,0,1804524,Asia
489,Oman,2000,0,2344253,Asia
490,Oman,2010,0,2881914,Asia
491,Pakistan,1970,31,59290872,Asia
492,Pakistan,1980,17,80624057,Asia
493,Pakistan,1990,16,115414069,Asia
494,Pakistan,2000,0,154369924,Asia
495,Pakistan,2010,0,194454498,Asia
496,Palau,2000,0,19726,Oceania
497,Palau,2010,0,18540,Oceania
498,Panama,1970,0,1516188,North America
499,Panama,1980,0,1956987,North America
500,Panama,1990,0,2449968,North America
501,Panama,2000,1,3001731,North America
502,Panama,2010,0,3623617,North America
503,Papua New Guinea,1970,0,2489059,Oceania
504,Papua New Guinea,1980,0,3104788,Oceania
505,Papua New Guinea,1990,0,3864972,Oceania
506,Papua New Guinea,2000,0,5508297,Oceania
507,Papua New Guinea,2010,0,7583269,Oceania
508,Paraguay,1970,0,2408787,South America
509,Paraguay,1980,0,3078912,South America
510,Paraguay,1990,0,4059195,South America
511,Paraguay,2000,17,5123819,South America
512,Paraguay,2010,0,5768613,South America
513,Peru,1970,0,13562371,South America
514,Peru,1980,13,17492406,South America
515,Peru,1990,1,22109099,South America
516,Peru,2000,0,26654439,South America
517,Peru,2010,0,29229572,South America
518,Philippines,1970,0,37435586,Asia
519,Philippines,1980,1,48419546,Asia
520,Philippines,1990,2,61558898,Asia
521,Philippines,2000,0,77958223,Asia
522,Philippines,2010,1,94636700,Asia
523,Poland,1990,68,38064255,Europe
524,Poland,2000,58,38504431,Europe
525,Poland,2010,47,38597353,Europe
526,Portugal,1970,2,8683631,Europe
527,Portugal,1980,4,9785252,Europe
528,Portugal,1990,3,10007346,Europe
529,Portugal,2000,7,10300626,Europe
530,Portugal,2010,3,10588401,Europe
531,Puerto Rico,1970,1,2737619,North America
532,Puerto Rico,1980,2,3214568,North America
533,Puerto Rico,1990,2,3543776,North America
534,Puerto Rico,2000,0,3827108,North America
535,Puerto Rico,2010,3,3717922,North America
536,Qatar,1980,0,277450,Asia
537,Qatar,1990,1,441675,Asia
538,Qatar,2000,1,645937,Asia
539,Qatar,2010,3,1713504,Asia
540,Romania,1980,58,22125224,Europe
541,Romania,1990,91,22836234,Europe
542,Romania,2000,107,21919876,Europe
543,Romania,2010,32,20335211,Europe
544,Rwanda,1980,0,5247532,Africa
545,Rwanda,1990,0,7319962,Africa
546,Rwanda,2000,0,8109989,Africa
547,Rwanda,2010,0,10309031,Africa
548,Samoa,1980,0,164905,Oceania
549,Samoa,1990,0,168186,Oceania
550,Samoa,2000,0,184008,Oceania
551,Samoa,2010,0,194672,Oceania
552,San Marino,2000,0,26823,Europe
553,San Marino,2010,0,31608,Europe
554,Sao Tome and Principe,2000,0,143714,Africa
555,Sao Tome and Principe,2010,0,182138,Africa
556,Saudi Arabia,1970,0,6106191,Asia
557,Saudi Arabia,1980,0,10171710,Asia
558,Saudi Arabia,1990,0,16004763,Asia
559,Saudi Arabia,2000,2,21547390,Asia
560,Saudi Arabia,2010,4,29411929,Asia
561,Senegal,1970,0,4367744,Africa
562,Senegal,1980,1,5703869,Africa
563,Senegal,1990,0,7536001,Africa
564,Senegal,2000,0,9704287,Africa
565,Senegal,2010,0,12530121,Africa
566,Serbia,2000,15,7935022,Europe
567,Serbia,2010,70,7653748,Europe
568,Seychelles,1980,0,65290,Africa
569,Seychelles,1990,0,71057,Africa
570,Seychelles,2000,0,80060,Africa
571,Seychelles,2010,0,92409,Africa
572,Sierra Leone,1980,0,3367477,Africa
573,Sierra Leone,1990,0,4325388,Africa
574,Sierra Leone,2000,0,4584067,Africa
575,Sierra Leone,2010,0,6436698,Africa
576,Singapore,1970,0,2061831,Asia
577,Singapore,1980,0,2400729,Asia
578,Singapore,1990,0,3022209,Asia
579,Singapore,2000,3,4053602,Asia
580,Singapore,2010,5,5163590,Asia
581,Slovenia,1990,2,1986024,Europe
582,Slovenia,2000,17,1984339,Europe
583,Slovenia,2010,20,2057286,Europe
584,Solomon Islands,1980,0,233668,Oceania
585,Solomon Islands,1990,0,324171,Oceania
586,Solomon Islands,2000,0,429978,Oceania
587,Solomon Islands,2010,0,540394,Oceania
588,Somalia,1970,0,3720977,Africa
589,Somalia,1980,0,5892224,Africa
590,Somalia,2010,0,12026649,Africa
591,South Africa,1990,8,39877570,Africa
592,South Africa,2000,16,46813266,Africa
593,South Africa,2010,32,51784921,Africa
594,Spain,1970,8,33792617,Europe
595,Spain,1980,48,37491666,Europe
596,Spain,1990,136,38889889,Europe
597,Spain,2000,138,40741651,Europe
598,Spain,2010,106,46572772,Europe
599,Sri Lanka,1970,0,12388769,Asia
600,Sri Lanka,1980,0,14943645,Asia
601,Sri Lanka,1990,0,17204094,Asia
602,Sri Lanka,2000,1,18776371,Asia
603,Sri Lanka,2010,0,20668557,Asia
604,Sudan,1970,0,11305206,Africa
605,Sudan,1980,0,16673586,Africa
606,Sudan,1990,0,21090886,Africa
607,Sudan,2000,1,26298773,Africa
608,Sudan,2010,0,33739933,Africa
609,Suriname,1970,0,379918,South America
610,Suriname,1980,1,375112,South America
611,Suriname,1990,1,412756,South America
612,Suriname,2000,0,478998,South America
613,Suriname,2010,0,546080,South America
614,Sweden,1970,38,8027702,Europe
615,Sweden,1980,153,8311763,Europe
616,Sweden,1990,104,8548406,Europe
617,Sweden,2000,139,8871043,Europe
618,Sweden,2010,119,9381729,Europe
619,Switzerland,1980,46,6319113,Europe
620,Switzerland,1990,31,6711693,Europe
621,Switzerland,2000,65,7182059,Europe
622,Switzerland,2010,55,7822435,Europe
623,Tajikistan,1990,0,5417860,Asia
624,Tajikistan,2000,2,6272998,Asia
625,Tajikistan,2010,2,7621779,Asia
626,Tanzania,1980,0,19297659,Africa
627,Tanzania,1990,0,26206012,Africa
628,Tanzania,2000,0,34463704,Africa
629,Tanzania,2010,0,45110527,Africa
630,Thailand,1970,1,35791728,Asia
631,Thailand,1980,2,45737753,Asia
632,Thailand,1990,3,55228410,Asia
633,Thailand,2000,15,63066603,Asia
634,Thailand,2010,9,68270489,Asia
635,Togo,1970,0,2197383,Africa
636,Togo,1980,0,2838110,Africa
637,Togo,1990,0,3875947,Africa
638,Togo,2000,1,5008035,Africa
639,Togo,2010,0,6571855,Africa
640,Tonga,1980,0,96708,Oceania
641,Tonga,1990,1,98727,Oceania
642,Tonga,2000,0,102603,Oceania
643,Tonga,2010,0,107383,Oceania
644,Trinidad and Tobago,1970,1,988890,North America
645,Trinidad and Tobago,1980,0,1127852,North America
646,Trinidad and Tobago,1990,2,1266518,North America
647,Trinidad and Tobago,2000,9,1332203,North America
648,Trinidad and Tobago,2010,11,1410296,North America
649,Tunisia,1970,1,5047404,Africa
650,Tunisia,1980,0,6578156,Africa
651,Tunisia,1990,1,8440023,Africa
652,Tunisia,2000,1,9893316,Africa
653,Tunisia,2010,6,10895063,Africa
654,Turkmenistan,1990,0,3720278,Asia
655,Turkmenistan,2000,0,4569132,Asia
656,Turkmenistan,2010,0,5267970,Asia
657,Tuvalu,2000,0,9638,Oceania
658,Tuvalu,2010,0,10550,Oceania
659,Uganda,1970,2,10317212,Africa
660,Uganda,1980,1,13284026,Africa
661,Uganda,1990,1,17586630,Africa
662,Uganda,2000,0,24020697,Africa
663,Uganda,2010,1,32341728,Africa
664,Ukraine,1990,37,51589817,Europe
665,Ukraine,2000,114,48879755,Europe
666,Ukraine,2010,46,45683020,Europe
667,United Arab Emirates,1980,0,1014048,Asia
668,United Arab Emirates,1990,0,1900151,Asia
669,United Arab Emirates,2000,1,3275333,Asia
670,United Arab Emirates,2010,1,8481771,Asia
671,United States,1970,368,200328340,North America
672,United States,1980,601,223140018,North America
673,United States,1990,540,248083732,North America
674,United States,2000,926,282398554,North America
675,United States,2010,635,311182845,North America
676,Uruguay,1970,0,2790265,South America
677,Uruguay,1980,0,2953750,South America
678,Uruguay,1990,0,3117012,South America
679,Uruguay,2000,1,3292224,South America
680,Uruguay,2010,0,3352651,South America
681,Uzbekistan,1990,3,20579100,Asia
682,Uzbekistan,2000,15,24925554,Asia
683,Uzbekistan,2010,16,28614227,Asia
684,Vanuatu,1980,0,118156,Oceania
685,Vanuatu,1990,0,150882,Oceania
686,Vanuatu,2000,0,192074,Oceania
687,Vanuatu,2010,0,245453,Oceania
688,Zambia,1970,0,4281671,Africa
689,Zambia,1980,1,5720438,Africa
690,Zambia,1990,1,7686401,Africa
691,Zambia,2000,0,9891136,Africa
692,Zambia,2010,0,13792086,Africa
693,Zimbabwe,1980,15,7049926,Africa
694,Zimbabwe,1990,0,10113893,Africa
695,Zimbabwe,2000,7,11834676,Africa
696,Zimbabwe,2010,0,12839771,Africa
